{
  "file": "backboneTools.js",
  "ressourcePath": "backboneTools",
  "bma": "backboneTools",
  "apis": [
    {
      "path": "/{wyclubToken}/{module}/schema",
      "operations": [
        {
          "method": "GET",
          "nickname": "backboneTools - read",
          "summary": "backboneTools.read — Read all schemas of a module",
          "parameters": [
            {
              "paramType": "path",
              "name": "wyclubToken",
              "description": "A session ID",
              "dataType": "string",
              "required": true
            },
            {
              "paramType": "path",
              "name": "module",
              "description": "A module name e.g. epg",
              "dataType": "string",
              "required": true
            }
          ]
        }
      ]
    },
    {
      "path": "/{wyclubToken}/permission",
      "operations": [
        {
          "method": "GET",
          "nickname": "backboneTools - readPermission",
          "summary": "backboneTools.readPermission — Read permissions needed for all APIs of all modules",
          "parameters": [
            {
              "paramType": "path",
              "name": "wyclubToken",
              "description": "A session ID",
              "dataType": "string",
              "required": true
            }
          ]
        }
      ]
    }
  ]
}