{
  "file": "session.js",
  "ressourcePath": "session",
  "bma": "sessionManager",
  "apis": [
    {
      "path": "/{wyclubToken}/sessionManager/sub",
      "operations": [
        {
          "method": "GET",
          "nickname": "session - readSubscriber",
          "summary": "session.readSubscriber — Read the requested subscriber's info.",
          "parameters": [
            {
              "paramType": "path",
              "name": "wyclubToken",
              "description": "A session ID",
              "dataType": "string",
              "required": true
            },
            {
              "paramType": "query",
              "name": "accessToken",
              "description": "A session access token.",
              "dataType": "string",
              "required": false
            }
          ]
        }
      ]
    },
    {
      "path": "/{wyclubToken}/sessionManager",
      "operations": [
        {
          "method": "GET",
          "nickname": "session - read",
          "summary": "session.read — Read information about my session",
          "parameters": [
            {
              "paramType": "path",
              "name": "wyclubToken",
              "description": "A session ID",
              "dataType": "string",
              "required": true
            }
          ]
        }
      ]
    },
    {
      "path": "/{applicationId}/sessionManager/token",
      "operations": [
        {
          "method": "POST",
          "nickname": "session - createToken",
          "summary": "session.createToken — Create a new token with a specific application.",
          "parameters": [
            {
              "paramType": "path",
              "name": "applicationId",
              "description": "An application ID",
              "dataType": "string",
              "required": true
            },
            {
              "paramType": "body",
              "name": "data",
              "description": "JSON data object",
              "dataType": "session.70"
            }
          ]
        }
      ]
    },
    {
      "path": "/{wyclubToken}/sessionManager/token",
      "operations": [
        {
          "method": "DELETE",
          "nickname": "session - deleteToken",
          "summary": "session.deleteToken — Delete a token",
          "parameters": [
            {
              "paramType": "path",
              "name": "wyclubToken",
              "description": "An session ID",
              "dataType": "string",
              "required": true
            }
          ]
        }
      ]
    }
  ],
  "models": {
    "session.70": {
      "id": "session.70",
      "properties": {
        "deviceId": {
          "type": "string",
          "required": false,
          "description": "The device ID"
        },
        "subscriberId": {
          "type": "string",
          "required": false,
          "description": "The subscriber ID"
        }
      }
    }
  }
}