{
  "file": "resource.js",
  "ressourcePath": "resource",
  "bma": "resourceDelivery",
  "apis": [
    {
      "path": "/{wyclubToken}/delivery/resource",
      "operations": [
        {
          "method": "GET",
          "nickname": "resource - getResource",
          "summary": "resource.getResource — Get a resource for the session according to variable parameters",
          "parameters": [
            {
              "paramType": "path",
              "name": "wyclubToken",
              "description": "A session ID",
              "dataType": "string",
              "required": true
            },
            {
              "paramType": "query",
              "name": "resource",
              "description": "A resource type, all if not specified (e.g. lineup)",
              "dataType": "string",
              "required": false
            },
            {
              "paramType": "query",
              "name": "isBootloader",
              "description": "true if request come from bootloader",
              "dataType": "string",
              "required": false
            }
          ]
        }
      ]
    },
    {
      "path": "/{wyclubToken}/delivery/resource",
      "operations": [
        {
          "method": "POST",
          "nickname": "resource - declareResource",
          "summary": "resource.declareResource — Declare a resource for the session according to variable parameters",
          "parameters": [
            {
              "paramType": "path",
              "name": "wyclubToken",
              "description": "A session ID",
              "dataType": "string",
              "required": true
            },
            {
              "paramType": "body",
              "name": "data",
              "description": "JSON data object",
              "dataType": "resource.85"
            }
          ]
        }
      ]
    },
    {
      "path": "/{wyclubToken}/delivery/resources",
      "operations": [
        {
          "method": "GET",
          "nickname": "resource - getResources",
          "summary": "resource.getResources — Get resources using some filters",
          "parameters": [
            {
              "paramType": "path",
              "name": "wyclubToken",
              "description": "A session ID",
              "dataType": "string",
              "required": true
            },
            {
              "paramType": "query",
              "name": "resourceType",
              "description": "A resource type (e.g. lineup)",
              "dataType": "string",
              "required": false
            },
            {
              "paramType": "query",
              "name": "resourceName",
              "description": "A resource name (e.g. softwareupdate)",
              "dataType": "string",
              "required": false
            },
            {
              "paramType": "query",
              "name": "resourceVersion",
              "description": "A resource version (e.g. 1.2.3)",
              "dataType": "string",
              "required": false
            }
          ]
        }
      ]
    },
    {
      "path": "/{wyclubToken}/delivery/resource",
      "operations": [
        {
          "method": "DELETE",
          "nickname": "resource - deleteResource",
          "summary": "resource.deleteResource — Delete a resource according to its name / type / version",
          "parameters": [
            {
              "paramType": "path",
              "name": "wyclubToken",
              "description": "A session ID",
              "dataType": "string",
              "required": true
            },
            {
              "paramType": "body",
              "name": "data",
              "description": "JSON data object",
              "dataType": "resource.213"
            }
          ]
        }
      ]
    }
  ],
  "models": {
    "resource.85": {
      "id": "resource.85",
      "properties": {
        "resourceType": {
          "type": "string",
          "required": true,
          "description": "A resource type (e.g. software)"
        },
        "resourceName": {
          "type": "string",
          "required": true,
          "description": "A resource anem (e.g. softwareupdate_wyplay)"
        },
        "resourceVersion": {
          "type": "string",
          "required": true,
          "description": "a version number (e.g. 1.4.1)"
        },
        "resourceUrl": {
          "type": "string",
          "required": true,
          "description": "A resource URL on the sky CDN"
        }
      }
    },
    "resource.213": {
      "id": "resource.213",
      "properties": {
        "resourceType": {
          "type": "string",
          "required": true,
          "description": "A resource type (e.g. lineup)"
        },
        "resourceName": {
          "type": "string",
          "required": true,
          "description": "A resource name (e.g. softwareupdate)"
        },
        "resourceVersion": {
          "type": "string",
          "required": true,
          "description": "A resource version (e.g. 1.2.3)"
        }
      }
    }
  }
}