{
  "file": "scheduledTask.js",
  "ressourcePath": "scheduledTask",
  "bma": "scheduler",
  "apis": [
    {
      "path": "/{wyclubToken}/{module}/scheduledTask",
      "operations": [
        {
          "method": "GET",
          "nickname": "scheduledTask - readAll",
          "summary": "scheduledTask.readAll — Read all scheduled tasks",
          "parameters": [
            {
              "paramType": "path",
              "name": "wyclubToken",
              "description": "A Wyclub Token",
              "dataType": "string",
              "required": true
            },
            {
              "paramType": "path",
              "name": "module",
              "description": "A module name e.g. epg",
              "dataType": "string",
              "required": true
            }
          ]
        }
      ]
    },
    {
      "path": "/{wyclubToken}/{module}/scheduledTask/{id}",
      "operations": [
        {
          "method": "DELETE",
          "nickname": "scheduledTask - delete",
          "summary": "scheduledTask.delete — Delete a task",
          "parameters": [
            {
              "paramType": "path",
              "name": "wyclubToken",
              "description": "A Wyclub Token",
              "dataType": "string",
              "required": true
            },
            {
              "paramType": "path",
              "name": "module",
              "description": "A module name e.g. epg",
              "dataType": "string",
              "required": true
            },
            {
              "paramType": "path",
              "name": "id",
              "description": "A task ID",
              "dataType": "string",
              "required": true
            }
          ]
        }
      ]
    }
  ]
}