{
  "file": "application.js",
  "ressourcePath": "application",
  "bma": "application",
  "apis": [
    {
      "path": "/{wyclubToken}/application",
      "operations": [
        {
          "method": "GET",
          "nickname": "application - read",
          "summary": "application.read — Read the requested application info.",
          "parameters": [
            {
              "paramType": "path",
              "name": "wyclubToken",
              "description": "A session ID",
              "dataType": "string",
              "required": true
            },
            {
              "paramType": "query",
              "name": "accessToken",
              "description": "A session access token.",
              "dataType": "string",
              "required": false
            }
          ]
        }
      ]
    }
  ]
}