{
  "file": "commonCertificate.js",
  "ressourcePath": "commonCertificate",
  "bma": "commonCertificate",
  "apis": [
    {
      "path": "/{wyclubToken}/commonCertificate/commonCertificate",
      "operations": [
        {
          "method": "POST",
          "nickname": "commonCertificate - create",
          "summary": "commonCertificate.create — Create a common certificate",
          "parameters": [
            {
              "paramType": "path",
              "name": "wyclubToken",
              "description": "A session ID",
              "dataType": "string",
              "required": true
            }
          ]
        }
      ]
    },
    {
      "path": "/{wyclubToken}/commonCertificate/commonCertificate/{certificateId}",
      "operations": [
        {
          "method": "GET",
          "nickname": "commonCertificate - read",
          "summary": "commonCertificate.read — Read a common certificates",
          "parameters": [
            {
              "paramType": "path",
              "name": "wyclubToken",
              "description": "A session ID",
              "dataType": "string",
              "required": true
            },
            {
              "paramType": "path",
              "name": "certificateId",
              "description": "The ID of the channel",
              "dataType": "string",
              "required": true
            }
          ]
        }
      ]
    }
  ]
}