{
  "file": "authStb.js",
  "ressourcePath": "authStb",
  "bma": "auth",
  "apis": [
    {
      "path": "/auth/bootloader",
      "operations": [
        {
          "method": "GET",
          "nickname": "authStb - serial",
          "summary": "authStb.serial — Query to check if middleware or bootloader\ncan be updated. Also redirect to the binary location according to query\ntype.",
          "parameters": [
            {
              "paramType": "query",
              "name": "ID",
              "description": "Serial NB",
              "dataType": "string",
              "required": true
            },
            {
              "paramType": "query",
              "name": "Type",
              "description": "Query type (\"0\" for middleware, \"1\" for bootloader, or \"2\" for stb)",
              "dataType": "string",
              "required": true
            }
          ]
        }
      ]
    },
    {
      "path": "/{applicationId}/auth/token",
      "operations": [
        {
          "method": "POST",
          "nickname": "authStb - renewToken",
          "summary": "authStb.renewToken —  Authenticates and creates a fresh WyClub token for the given (`applicationId`) and STB information.",
          "parameters": [
            {
              "paramType": "path",
              "name": "applicationId",
              "description": "The client applicationId.",
              "dataType": "string",
              "required": true
            },
            {
              "paramType": "body",
              "name": "data",
              "description": "JSON data object",
              "dataType": "authStb.175"
            }
          ]
        }
      ]
    },
    {
      "path": "/{applicationId}/auth/registration",
      "operations": [
        {
          "method": "POST",
          "nickname": "authStb - registration",
          "summary": "authStb.registration —  Authenticates, registers and creates a WyClub token for the given (`applicationId`) and STB information.",
          "parameters": [
            {
              "paramType": "path",
              "name": "applicationId",
              "description": "The client applicationId.",
              "dataType": "string",
              "required": true
            },
            {
              "paramType": "body",
              "name": "data",
              "description": "JSON data object",
              "dataType": "authStb.396"
            }
          ]
        }
      ]
    },
    {
      "path": "/{wyclubToken}/auth/csr",
      "operations": [
        {
          "method": "POST",
          "nickname": "authStb - signCertificate",
          "summary": "authStb.signCertificate — Provides a signed unique certificate for the given CSR.",
          "parameters": [
            {
              "paramType": "path",
              "name": "wyclubToken",
              "description": "The WyClub Token.",
              "dataType": "string",
              "required": true
            }
          ]
        }
      ]
    }
  ],
  "models": {
    "authStb.175": {
      "id": "authStb.175",
      "properties": {
        "stbSN": {
          "type": "string",
          "required": true,
          "description": "The STB serial number."
        },
        "stbId": {
          "type": "string",
          "required": true,
          "description": "The STB Id."
        },
        "stbMACAddress": {
          "type": "string",
          "required": true,
          "description": "The STB MAC address."
        },
        "stbSoftwareVersion": {
          "type": "string",
          "required": true,
          "description": "The STB software (middleware) version."
        },
        "stbBootloader2Version": {
          "type": "string",
          "required": true,
          "description": "The STB bootloader 2 version."
        },
        "smartcardSN": {
          "type": "string",
          "required": true,
          "description": "The STB bootloader 2 version."
        }
      }
    },
    "authStb.396": {
      "id": "authStb.396",
      "properties": {
        "stbSN": {
          "type": "string",
          "required": true,
          "description": "The STB serial number."
        },
        "stbId": {
          "type": "string",
          "required": true,
          "description": "The STB Id."
        },
        "stbMACAddress": {
          "type": "string",
          "required": true,
          "description": "The STB MAC address."
        },
        "stbSoftwareVersion": {
          "type": "string",
          "required": true,
          "description": "The STB software (middleware) version. **NOT SUPPORTED YET**"
        },
        "stbBootloader2Version": {
          "type": "string",
          "required": true,
          "description": "The STB bootloader 2 version. **NOT SUPPORTED YET**"
        }
      }
    }
  }
}