{
  "file": "export.js",
  "ressourcePath": "export",
  "bma": "lineup",
  "apis": [
    {
      "path": "/{wyclubToken}/lineup/export/{bouquetKey}",
      "operations": [
        {
          "method": "POST",
          "nickname": "export - export",
          "summary": "export.export — Export a bouquet to CDN. Send a notification to push module on",
          "parameters": [
            {
              "paramType": "path",
              "name": "wyclubToken",
              "description": "A session ID",
              "dataType": "string",
              "required": true
            },
            {
              "paramType": "path",
              "name": "bouquetKey",
              "description": "The bouquet ID",
              "dataType": "string",
              "required": true
            },
            {
              "paramType": "body",
              "name": "data",
              "description": "JSON data object",
              "dataType": "export.27"
            }
          ]
        }
      ]
    },
    {
      "path": "/{wyclubToken}/lineup/export/{bouquetKey}/last",
      "operations": [
        {
          "method": "GET",
          "nickname": "lastBouquet - lastBouquet",
          "summary": "export.lastBouquet — Read a last exported bouquet from DB",
          "parameters": [
            {
              "paramType": "path",
              "name": "wyclubToken",
              "description": "A session ID",
              "dataType": "string",
              "required": true
            },
            {
              "paramType": "path",
              "name": "bouquetKey",
              "description": "The bouquet ID",
              "dataType": "string",
              "required": true
            }
          ]
        }
      ]
    }
  ],
  "models": {
    "export.27": {
      "id": "export.27",
      "properties": {
        "critical": {
          "type": "boolean",
          "required": true,
          "description": "Send a notification to push module if set to true. It also disables delayed upload (uploadDate params ignored)."
        },
        "uploadDate": {
          "type": "integer",
          "required": false,
          "description": "Upload date (UTC timestamp)."
        }
      }
    }
  }
}