{
  "file": "lineup.js",
  "ressourcePath": "lineup",
  "bma": "lineup",
  "apis": [
    {
      "path": "/{wyclubToken}/lineup/lineupList",
      "operations": [
        {
          "method": "GET",
          "nickname": "lineup - readAll",
          "summary": "lineup.readAll — Read all lineup",
          "parameters": [
            {
              "paramType": "path",
              "name": "wyclubToken",
              "description": "A wyclub token",
              "dataType": "string",
              "required": true
            }
          ]
        }
      ]
    },
    {
      "path": "/{wyclubToken}/lineup/lineup/{bouquetKey}",
      "operations": [
        {
          "method": "GET",
          "nickname": "lineup - read",
          "summary": "lineup.read — Read a lineup",
          "parameters": [
            {
              "paramType": "path",
              "name": "wyclubToken",
              "description": "A wyclub token",
              "dataType": "string",
              "required": true
            },
            {
              "paramType": "path",
              "name": "bouquetKey",
              "description": "The bouquet ID",
              "dataType": "string",
              "required": true
            }
          ]
        }
      ]
    },
    {
      "path": "/{wyclubToken}/lineup/lineup",
      "operations": [
        {
          "method": "POST",
          "nickname": "lineup - write",
          "summary": "lineup.write — Write a lineup",
          "parameters": [
            {
              "paramType": "path",
              "name": "wyclubToken",
              "description": "A wyclub token",
              "dataType": "string",
              "required": true
            },
            {
              "paramType": "body",
              "name": "data",
              "description": "JSON data object",
              "dataType": "lineup.253"
            }
          ]
        }
      ]
    },
    {
      "path": "/{wyclubToken}/lineup/lineup/{bouquetKey}",
      "operations": [
        {
          "method": "DELETE",
          "nickname": "lineup - delete",
          "summary": "lineup.delete — Delete a lineup",
          "parameters": [
            {
              "paramType": "path",
              "name": "wyclubToken",
              "description": "A wyclub token ID",
              "dataType": "string",
              "required": true
            },
            {
              "paramType": "path",
              "name": "bouquetKey",
              "description": "The ID of the to be deleted bouquet",
              "dataType": "string",
              "required": true
            }
          ]
        }
      ]
    },
    {
      "path": "/{wyclubToken}/lineup/lineup/{bouquetKey}",
      "operations": [
        {
          "method": "PATCH",
          "nickname": "lineup - update",
          "summary": "lineup.update — Update a lineup",
          "parameters": [
            {
              "paramType": "path",
              "name": "wyclubToken",
              "description": "A wyclub token ID",
              "dataType": "string",
              "required": true
            },
            {
              "paramType": "path",
              "name": "bouquetKey",
              "description": "The bouquet ID",
              "dataType": "string",
              "required": true
            },
            {
              "paramType": "body",
              "name": "data",
              "description": "JSON data object",
              "dataType": "lineup.363"
            }
          ]
        }
      ]
    },
    {
      "path": "/{wyclubToken}/lineup/{bouquetKey}/channel",
      "operations": [
        {
          "method": "POST",
          "nickname": "lineup - addChannels",
          "summary": "lineup.addChannels — Add channels to a bouquet",
          "parameters": [
            {
              "paramType": "path",
              "name": "wyclubToken",
              "description": "A wyclub token",
              "dataType": "string",
              "required": true
            },
            {
              "paramType": "path",
              "name": "bouquetKey",
              "description": "The bouquet ID",
              "dataType": "string",
              "required": true
            },
            {
              "paramType": "body",
              "name": "data",
              "description": "JSON data object",
              "dataType": "lineup.437"
            }
          ]
        }
      ]
    },
    {
      "path": "/{wyclubToken}/lineup/{bouquetKey}/channel",
      "operations": [
        {
          "method": "PATCH",
          "nickname": "lineup - updateChannels",
          "summary": "lineup.updateChannels — Update channels in a bouquet",
          "parameters": [
            {
              "paramType": "path",
              "name": "wyclubToken",
              "description": "A wyclub token",
              "dataType": "string",
              "required": true
            },
            {
              "paramType": "path",
              "name": "bouquetKey",
              "description": "The bouquet ID",
              "dataType": "string",
              "required": true
            },
            {
              "paramType": "body",
              "name": "data",
              "description": "JSON data object",
              "dataType": "lineup.513"
            }
          ]
        }
      ]
    },
    {
      "path": "/{wyclubToken}/lineup/{bouquetKey}/readInProgress",
      "operations": [
        {
          "method": "GET",
          "nickname": "lineup - readInProgress",
          "summary": "lineup.readInProgress — Read a lineup with full channel data",
          "parameters": [
            {
              "paramType": "path",
              "name": "wyclubToken",
              "description": "A wyclub token",
              "dataType": "string",
              "required": true
            },
            {
              "paramType": "path",
              "name": "bouquetKey",
              "description": "The bouquet ID",
              "dataType": "string",
              "required": true
            }
          ]
        }
      ]
    },
    {
      "path": "/{wyclubToken}/lineup/{bouquetKey}/channel",
      "operations": [
        {
          "method": "DELETE",
          "nickname": "lineup - deleteChannels",
          "summary": "lineup.deleteChannels — Delete channels from a bouquet",
          "parameters": [
            {
              "paramType": "path",
              "name": "wyclubToken",
              "description": "A wyclub token",
              "dataType": "string",
              "required": true
            },
            {
              "paramType": "path",
              "name": "bouquetKey",
              "description": "The bouquet ID",
              "dataType": "string",
              "required": true
            },
            {
              "paramType": "body",
              "name": "data",
              "description": "JSON data object",
              "dataType": "lineup.589"
            }
          ]
        }
      ]
    }
  ],
  "models": {
    "lineup.253": {
      "id": "lineup.253",
      "properties": {
        "bouquetKey": {
          "type": "integer",
          "required": true,
          "description": "The new bouquet ID"
        },
        "labelOfBouquet": {
          "type": "string",
          "required": true,
          "description": "The new bouquet name"
        },
        "homelineup": {
          "type": "string",
          "required": false,
          "description": "The home channel of the lineup"
        },
        "lineupList": {
          "type": "array",
          "required": false,
          "description": "The list of the channels",
          "items": {
            "$ref": "lineup.253.lineupList"
          }
        }
      }
    },
    "lineup.253.lineupList": {
      "id": "lineup.253.lineupList",
      "properties": {
        "position": {
          "type": "integer",
          "required": false,
          "description": "The position of the channel in the lineup"
        },
        "positionOrderNum": {
          "type": "integer",
          "required": false,
          "description": "The position of the channel in the lineup"
        },
        "serviceKey": {
          "type": "integer",
          "required": false,
          "description": "The ID of this channel"
        }
      }
    },
    "lineup.363": {
      "id": "lineup.363",
      "properties": {
        "labelOfBouquet": {
          "type": "string",
          "required": false,
          "description": "The updated bouquet name"
        },
        "homelineup": {
          "type": "string",
          "required": false,
          "description": "The updated home channel of the lineup"
        },
        "lineupList": {
          "type": "array",
          "required": false,
          "description": "The updated lineup channel list",
          "items": {
            "$ref": "lineup.363.lineupList"
          }
        }
      }
    },
    "lineup.363.lineupList": {
      "id": "lineup.363.lineupList",
      "properties": {
        "position": {
          "type": "integer",
          "required": false,
          "description": "The position of the channel in the lineup"
        },
        "positionOrderNum": {
          "type": "integer",
          "required": false,
          "description": "The position of the channel in the lineup TODO: ask to JRousseau"
        },
        "serviceKey": {
          "type": "integer",
          "required": false,
          "description": "The ID of this channel"
        }
      }
    },
    "lineup.437": {
      "id": "lineup.437",
      "properties": {
        "channels": {
          "type": "array",
          "required": true,
          "description": "Array of channels",
          "items": {
            "$ref": "lineup.437.channels"
          }
        }
      }
    },
    "lineup.437.channels": {
      "id": "lineup.437.channels",
      "properties": {
        "position": {
          "type": "integer",
          "required": true,
          "description": "The position of the channel in the lineup"
        },
        "positionOrderNum": {
          "type": "integer",
          "required": true,
          "description": "The position of the channel in the epg"
        },
        "serviceKey": {
          "type": "integer",
          "required": true,
          "description": "The ID of this channel"
        }
      }
    },
    "lineup.513": {
      "id": "lineup.513",
      "properties": {
        "channels": {
          "type": "array",
          "required": true,
          "description": "Array of channels",
          "items": {
            "$ref": "lineup.513.channels"
          }
        }
      }
    },
    "lineup.513.channels": {
      "id": "lineup.513.channels",
      "properties": {
        "position": {
          "type": "integer",
          "required": true,
          "description": "The position of the channel to update in the lineup"
        },
        "positionOrderNum": {
          "type": "integer",
          "required": false,
          "description": "The position of the channel in the epg"
        },
        "serviceKey": {
          "type": "integer",
          "required": false,
          "description": "The ID of this channel"
        }
      }
    },
    "lineup.589": {
      "id": "lineup.589",
      "properties": {
        "channels": {
          "type": "array",
          "required": true,
          "description": "Array of channels",
          "items": {
            "$ref": "lineup.589.channels"
          }
        }
      }
    },
    "lineup.589.channels": {
      "id": "lineup.589.channels",
      "properties": {
        "position": {
          "type": "integer",
          "required": true,
          "description": "The position of the channel to delete from the lineup"
        }
      }
    }
  }
}