{
  "file": "catalog.js",
  "ressourcePath": "catalog",
  "bma": "iApp",
  "apis": [
    {
      "path": "/{wyclubToken}/iApp/catalog/{catalogId}",
      "operations": [
        {
          "method": "PATCH",
          "nickname": "catalog - update",
          "summary": "catalog.update — Update catalog",
          "parameters": [
            {
              "paramType": "path",
              "name": "wyclubToken",
              "description": "A session ID",
              "dataType": "string",
              "required": true
            },
            {
              "paramType": "path",
              "name": "catalogId",
              "description": "ID of a catalog",
              "dataType": "string",
              "required": true
            },
            {
              "paramType": "body",
              "name": "data",
              "description": "JSON data object",
              "dataType": "catalog.64"
            }
          ]
        }
      ]
    },
    {
      "path": "/{wyclubToken}/iApp/catalog/{catalogId}/iapp",
      "operations": [
        {
          "method": "POST",
          "nickname": "catalog - addIapps",
          "summary": "catalog.addIapps — Add new iApp in catalog",
          "parameters": [
            {
              "paramType": "path",
              "name": "wyclubToken",
              "description": "A session ID",
              "dataType": "string",
              "required": true
            },
            {
              "paramType": "path",
              "name": "catalogId",
              "description": "ID of a catalog",
              "dataType": "string",
              "required": true
            },
            {
              "paramType": "body",
              "name": "data",
              "description": "JSON data object",
              "dataType": "catalog.133"
            }
          ]
        }
      ]
    },
    {
      "path": "/{wyclubToken}/iApp/catalog/{catalogId}/iapp",
      "operations": [
        {
          "method": "PATCH",
          "nickname": "catalog - updateIapps",
          "summary": "catalog.updateIapps — Update an iApp of a catalog",
          "parameters": [
            {
              "paramType": "path",
              "name": "wyclubToken",
              "description": "A wyclubToken",
              "dataType": "string",
              "required": true
            },
            {
              "paramType": "path",
              "name": "catalogId",
              "description": "ID of a catalog",
              "dataType": "string",
              "required": true
            },
            {
              "paramType": "body",
              "name": "data",
              "description": "JSON data object",
              "dataType": "catalog.236"
            }
          ]
        }
      ]
    },
    {
      "path": "/{wyclubToken}/iApp/catalog/{catalogId}/iapp",
      "operations": [
        {
          "method": "DELETE",
          "nickname": "catalog - deleteIapps",
          "summary": "catalog.deleteIapps — Remove an iapp of a catalog",
          "parameters": [
            {
              "paramType": "path",
              "name": "wyclubToken",
              "description": "A session ID",
              "dataType": "string",
              "required": true
            },
            {
              "paramType": "path",
              "name": "catalogId",
              "description": "The Catalog ID",
              "dataType": "string",
              "required": true
            },
            {
              "paramType": "body",
              "name": "data",
              "description": "JSON data object",
              "dataType": "catalog.311"
            }
          ]
        }
      ]
    },
    {
      "path": "/{wyclubToken}/iApp/catalog/{catalogId}/channel",
      "operations": [
        {
          "method": "POST",
          "nickname": "catalog - addChannels",
          "summary": "catalog.addChannels — Add channels in iapp's catalog",
          "parameters": [
            {
              "paramType": "path",
              "name": "wyclubToken",
              "description": "A session ID",
              "dataType": "string",
              "required": true
            },
            {
              "paramType": "path",
              "name": "catalogId",
              "description": "The catalog ID",
              "dataType": "string",
              "required": true
            },
            {
              "paramType": "body",
              "name": "data",
              "description": "JSON data object",
              "dataType": "catalog.366"
            }
          ]
        }
      ]
    },
    {
      "path": "/{wyclubToken}/iApp/catalog/{catalogId}/channel",
      "operations": [
        {
          "method": "PATCH",
          "nickname": "catalog - updateChannels",
          "summary": "catalog.updateChannels — Update channels from an iApp of a catalog",
          "parameters": [
            {
              "paramType": "path",
              "name": "wyclubToken",
              "description": "A session ID",
              "dataType": "string",
              "required": true
            },
            {
              "paramType": "path",
              "name": "catalogId",
              "description": "The catalog ID",
              "dataType": "string",
              "required": true
            },
            {
              "paramType": "body",
              "name": "data",
              "description": "JSON data object",
              "dataType": "catalog.454"
            }
          ]
        }
      ]
    },
    {
      "path": "/{wyclubToken}/iApp/catalog/{catalogId}/channel",
      "operations": [
        {
          "method": "DELETE",
          "nickname": "catalog - deleteChannels",
          "summary": "catalog.deleteChannels — Remove channels from an iApp of a catalog",
          "parameters": [
            {
              "paramType": "path",
              "name": "wyclubToken",
              "description": "A session ID",
              "dataType": "string",
              "required": true
            },
            {
              "paramType": "path",
              "name": "catalogId",
              "description": "The catalog ID",
              "dataType": "string",
              "required": true
            },
            {
              "paramType": "body",
              "name": "data",
              "description": "JSON data object",
              "dataType": "catalog.533"
            }
          ]
        }
      ]
    },
    {
      "path": "/{wyclubToken}/iApp/catalog/{catalogId}",
      "operations": [
        {
          "method": "GET",
          "nickname": "catalog - read",
          "summary": "catalog.read — Read a catalog",
          "parameters": [
            {
              "paramType": "path",
              "name": "wyclubToken",
              "description": "A session ID",
              "dataType": "string",
              "required": true
            },
            {
              "paramType": "path",
              "name": "catalogId",
              "description": "The catalog ID",
              "dataType": "string",
              "required": true
            }
          ]
        }
      ]
    },
    {
      "path": "/{wyclubToken}/iApp/catalog",
      "operations": [
        {
          "method": "POST",
          "nickname": "catalog - create",
          "summary": "catalog.create — Create a catalog",
          "parameters": [
            {
              "paramType": "path",
              "name": "wyclubToken",
              "description": "A session ID",
              "dataType": "string",
              "required": true
            },
            {
              "paramType": "body",
              "name": "data",
              "description": "JSON data object",
              "dataType": "catalog.669"
            }
          ]
        }
      ]
    },
    {
      "path": "/{wyclubToken}/iApp/catalog/{catalogId}",
      "operations": [
        {
          "method": "DELETE",
          "nickname": "catalog - delete",
          "summary": "catalog.delete — Delete a catalog",
          "parameters": [
            {
              "paramType": "path",
              "name": "wyclubToken",
              "description": "A session ID",
              "dataType": "string",
              "required": true
            },
            {
              "paramType": "path",
              "name": "catalogId",
              "description": "The ID of the to be deleted catalogue",
              "dataType": "string",
              "required": true
            }
          ]
        }
      ]
    }
  ],
  "models": {
    "catalog.64": {
      "id": "catalog.64",
      "properties": {
        "bouquetKey": {
          "type": "integer",
          "required": false,
          "description": "Id of a lineup"
        },
        "name": {
          "type": "string",
          "required": false,
          "description": "name of a catalog"
        }
      }
    },
    "catalog.133": {
      "id": "catalog.133",
      "properties": {
        "iapps": {
          "type": "array",
          "required": false,
          "description": "Array of iApp",
          "items": {
            "$ref": "catalog.133.iapps"
          }
        }
      }
    },
    "catalog.133.iapps": {
      "id": "catalog.133.iapps",
      "properties": {
        "appId": {
          "type": "string",
          "required": false,
          "description": "ID of an iApp"
        },
        "inImm": {
          "type": "boolean",
          "required": false,
          "description": "if display in imm"
        },
        "immOrder": {
          "type": "string",
          "required": false,
          "description": "position of iApp in imm"
        },
        "channels": {
          "type": "array",
          "required": true,
          "description": "a list of channel",
          "items": {
            "$ref": "catalog.133.iapps.channels"
          }
        }
      }
    },
    "catalog.133.iapps.channels": {
      "id": "catalog.133.iapps.channels",
      "properties": {
        "serviceKey": {
          "type": "string",
          "required": false,
          "description": "ID of a channel"
        },
        "status": {
          "type": "string",
          "required": false,
          "description": "status of an iApp : {\"enable\",\"disable\"}"
        },
        "greenButtonType": {
          "type": "string",
          "required": true,
          "description": "type of green button"
        },
        "autolaunchType": {
          "type": "integer",
          "required": true,
          "description": "type of autolaunch"
        },
        "haveAutolaunch": {
          "type": "boolean",
          "required": true,
          "description": "if iApp type is autolaunch"
        },
        "haveGreenButton": {
          "type": "boolean",
          "required": true,
          "description": "if iApp have green button"
        }
      }
    },
    "catalog.236": {
      "id": "catalog.236",
      "properties": {
        "iapps": {
          "type": "integer",
          "required": true,
          "description": "Array of iApp"
        }
      }
    },
    "catalog.236.iapps": {
      "id": "catalog.236.iapps",
      "properties": {
        "appId": {
          "type": "string",
          "required": true,
          "description": "The iApp ID"
        },
        "inImm": {
          "type": "boolean",
          "required": true,
          "description": "if display in imm"
        },
        "immOrder": {
          "type": "string",
          "required": true,
          "description": "position of iApp in imm"
        }
      }
    },
    "catalog.311": {
      "id": "catalog.311",
      "properties": {
        "iapps": {
          "type": "array",
          "required": true,
          "description": "List of Iapp ID",
          "items": {
            "$ref": "catalog.311.iapps"
          }
        }
      }
    },
    "catalog.311.iapps": {
      "id": "catalog.311.iapps",
      "properties": {
        "appId": {
          "type": "string",
          "required": true,
          "description": "The iApp ID"
        }
      }
    },
    "catalog.366": {
      "id": "catalog.366",
      "properties": {
        "appId": {
          "type": "string",
          "required": true,
          "description": "The iApp ID"
        },
        "channels": {
          "type": "array",
          "required": true,
          "description": "The new channel",
          "items": {
            "$ref": "catalog.366.channels"
          }
        }
      }
    },
    "catalog.366.channels": {
      "id": "catalog.366.channels",
      "properties": {
        "serviceKey": {
          "type": "string",
          "required": true,
          "description": "The new channel ID"
        },
        "status": {
          "type": "string",
          "required": true,
          "description": "status of an iApp : {\"enable\",\"disable\"}"
        },
        "greenButtonType": {
          "type": "string",
          "required": true,
          "description": "type of green button"
        },
        "autolaunchType": {
          "type": "integer",
          "required": true,
          "description": "type of autolaunch"
        },
        "haveAutolaunch": {
          "type": "boolean",
          "required": true,
          "description": "if iApp type is autolaunch"
        },
        "haveGreenButton": {
          "type": "boolean",
          "required": true,
          "description": "if iApp have green button"
        }
      }
    },
    "catalog.454": {
      "id": "catalog.454",
      "properties": {
        "appId": {
          "type": "string",
          "required": true,
          "description": "The iApp ID"
        },
        "channels": {
          "type": "array",
          "required": true,
          "description": "Array of channel to update",
          "items": {
            "$ref": "catalog.454.channels"
          }
        }
      }
    },
    "catalog.454.channels": {
      "id": "catalog.454.channels",
      "properties": {
        "serviceKey": {
          "type": "string",
          "required": true,
          "description": "ID of a channel"
        },
        "status": {
          "type": "string",
          "required": false,
          "description": "status of an iApp : {\"enable\",\"disable\"}"
        },
        "greenButtonType": {
          "type": "string",
          "required": false,
          "description": "type of green button"
        },
        "autolaunchType": {
          "type": "integer",
          "required": false,
          "description": "type of autolaunch"
        },
        "haveAutolaunch": {
          "type": "boolean",
          "required": false,
          "description": "if iApp type is autolaunch"
        },
        "haveGreenButton": {
          "type": "boolean",
          "required": false,
          "description": "if iApp have green button"
        }
      }
    },
    "catalog.533": {
      "id": "catalog.533",
      "properties": {
        "appId": {
          "type": "string",
          "required": true,
          "description": "The iApp ID"
        },
        "channels": {
          "type": "array",
          "required": true,
          "description": "Array of channel ID",
          "items": {
            "$ref": "catalog.533.channels"
          }
        }
      }
    },
    "catalog.533.channels": {
      "id": "catalog.533.channels",
      "properties": {
        "serviceKey": {
          "type": "string",
          "required": true,
          "description": "ID of channel"
        }
      }
    },
    "catalog.669": {
      "id": "catalog.669",
      "properties": {
        "catalogId": {
          "type": "integer",
          "required": true,
          "description": "ID of a catalog"
        },
        "bouquetKey": {
          "type": "integer",
          "required": true,
          "description": "ID of a lineup"
        },
        "name": {
          "type": "string",
          "required": true,
          "description": "Bouquet's name"
        },
        "iapps": {
          "type": "array",
          "required": true,
          "description": "iApp list",
          "items": {
            "$ref": "catalog.669.iapps"
          }
        }
      }
    },
    "catalog.669.iapps": {
      "id": "catalog.669.iapps",
      "properties": {
        "appId": {
          "type": "string",
          "required": true,
          "description": "iApp ID"
        },
        "inImm": {
          "type": "boolean",
          "required": true,
          "description": "if display in imm"
        },
        "immOrder": {
          "type": "string",
          "required": true,
          "description": "position of iApp in imm"
        },
        "channels": {
          "type": "array",
          "required": false,
          "description": "array of channel",
          "items": {
            "$ref": "catalog.669.iapps.channels"
          }
        }
      }
    },
    "catalog.669.iapps.channels": {
      "id": "catalog.669.iapps.channels",
      "properties": {
        "serviceKey": {
          "type": "string",
          "required": true,
          "description": "ID channel"
        },
        "status": {
          "type": "string",
          "required": true,
          "description": "status of an iApp : {\"enable\",\"disable\"}"
        },
        "greenButtonType": {
          "type": "string",
          "required": false,
          "description": "type of green button"
        },
        "autolaunchType": {
          "type": "integer",
          "required": false,
          "description": "type of autolaunch"
        },
        "haveAutolaunch": {
          "type": "boolean",
          "required": false,
          "description": "if iApp type is autolaunch"
        },
        "haveGreenButton": {
          "type": "boolean",
          "required": false,
          "description": "if iApp have green button"
        }
      }
    }
  }
}