{
  "file": "export.js",
  "ressourcePath": "export",
  "bma": "iApp",
  "apis": [
    {
      "path": "/{wyclubToken}/iApp/export/{bouquetKey}",
      "operations": [
        {
          "method": "POST",
          "nickname": "export - export",
          "summary": "export.export — Create export task by bouquetKey",
          "parameters": [
            {
              "paramType": "path",
              "name": "wyclubToken",
              "description": "A session ID",
              "dataType": "string",
              "required": true
            },
            {
              "paramType": "path",
              "name": "bouquetKey",
              "description": "The bouquet ID",
              "dataType": "string",
              "required": true
            },
            {
              "paramType": "body",
              "name": "data",
              "description": "JSON data object",
              "dataType": "export.33"
            }
          ]
        }
      ]
    },
    {
      "path": "/{wyclubToken}/iApp/export/{bouquetKey}/last",
      "operations": [
        {
          "method": "GET",
          "nickname": "export - lastBouquet",
          "summary": "export.lastBouquet — Read a last exported bouquet from DB",
          "parameters": [
            {
              "paramType": "path",
              "name": "wyclubToken",
              "description": "A session ID",
              "dataType": "string",
              "required": true
            },
            {
              "paramType": "path",
              "name": "bouquetKey",
              "description": "The bouquet ID",
              "dataType": "string",
              "required": true
            }
          ]
        }
      ]
    }
  ],
  "models": {
    "export.33": {
      "id": "export.33",
      "properties": {
        "uploadDate": {
          "type": "integer",
          "required": false,
          "description": "Timestamp"
        }
      }
    }
  }
}