{
  "file": "iApp.js",
  "ressourcePath": "iApp",
  "bma": "iApp",
  "apis": [
    {
      "path": "/{wyclubToken}/iApp/iApps",
      "operations": [
        {
          "method": "GET",
          "nickname": "iApp - readAll",
          "summary": "iApp.readAll — Read all iApps",
          "parameters": [
            {
              "paramType": "path",
              "name": "wyclubToken",
              "description": "A WyClub token",
              "dataType": "string",
              "required": true
            }
          ]
        }
      ]
    },
    {
      "path": "/{wyclubToken}/iApp/iApp/{iAppId}",
      "operations": [
        {
          "method": "GET",
          "nickname": "iApp - read",
          "summary": "iApp.read — Read a iApp",
          "parameters": [
            {
              "paramType": "path",
              "name": "wyclubToken",
              "description": "A WyClub token",
              "dataType": "string",
              "required": true
            },
            {
              "paramType": "path",
              "name": "iAppId",
              "description": "The ID of the iApp",
              "dataType": "string",
              "required": true
            }
          ]
        }
      ]
    },
    {
      "path": "/{wyclubToken}/iApp/iApp",
      "operations": [
        {
          "method": "POST",
          "nickname": "iApp - create",
          "summary": "iApp.create — Write an iApp",
          "parameters": [
            {
              "paramType": "path",
              "name": "wyclubToken",
              "description": "A WyClub token",
              "dataType": "string",
              "required": true
            },
            {
              "paramType": "body",
              "name": "data",
              "description": "JSON data object",
              "dataType": "iApp.86"
            }
          ]
        }
      ]
    },
    {
      "path": "/{wyclubToken}/iApp/iApp/{iAppId}",
      "operations": [
        {
          "method": "PATCH",
          "nickname": "iApp - update",
          "summary": "iApp.update — Update an iApp",
          "parameters": [
            {
              "paramType": "path",
              "name": "wyclubToken",
              "description": "A WyClub token",
              "dataType": "string",
              "required": true
            },
            {
              "paramType": "path",
              "name": "iAppId",
              "description": "The ID of the iApp",
              "dataType": "string",
              "required": true
            },
            {
              "paramType": "body",
              "name": "data",
              "description": "JSON data object",
              "dataType": "iApp.124"
            }
          ]
        }
      ]
    },
    {
      "path": "/{wyclubToken}/iApp/iApp/{iAppId}",
      "operations": [
        {
          "method": "DELETE",
          "nickname": "iApp - delete",
          "summary": "iApp.delete — Delete an iApp",
          "parameters": [
            {
              "paramType": "path",
              "name": "wyclubToken",
              "description": "A WyClub token",
              "dataType": "string",
              "required": true
            },
            {
              "paramType": "path",
              "name": "iAppId",
              "description": "The ID of the iApp",
              "dataType": "string",
              "required": true
            }
          ]
        }
      ]
    },
    {
      "path": "/{wyclubToken}/iApp/activate",
      "operations": [
        {
          "method": "POST",
          "nickname": "iApp - activate",
          "summary": "iApp.activate — Activate an iApp on one or more channels",
          "parameters": [
            {
              "paramType": "path",
              "name": "wyclubToken",
              "description": "A WyClub token",
              "dataType": "string",
              "required": true
            },
            {
              "paramType": "body",
              "name": "data",
              "description": "JSON data object",
              "dataType": "iApp.175"
            }
          ]
        }
      ]
    }
  ],
  "models": {
    "iApp.86": {
      "id": "iApp.86",
      "properties": {
        "label": {
          "type": "string",
          "required": true,
          "description": "The label of the iApp"
        },
        "description": {
          "type": "string",
          "required": true,
          "description": "The description of the iApp"
        },
        "launchingMessage": {
          "type": "string",
          "required": false,
          "description": "The launching message of the iApp"
        },
        "url": {
          "type": "string",
          "required": true,
          "description": "The url of the iApp"
        }
      }
    },
    "iApp.124": {
      "id": "iApp.124",
      "properties": {
        "label": {
          "type": "string",
          "required": false,
          "description": "The label of the iApp"
        },
        "description": {
          "type": "string",
          "required": false,
          "description": "The description of the iApp"
        },
        "launchingMessage": {
          "type": "string",
          "required": false,
          "description": "The launching message of the iApp"
        },
        "url": {
          "type": "string",
          "required": false,
          "description": "The url of the iApp"
        }
      }
    },
    "iApp.175": {
      "id": "iApp.175",
      "properties": {
        "iAppId": {
          "type": "string",
          "required": true,
          "description": "ServiceKey of the iApp"
        },
        "activate": {
          "type": "boolean",
          "required": true,
          "description": "Enable or disable the iApp"
        },
        "channels": {
          "type": "array",
          "required": false,
          "description": "The list of the channel where we want to enable or disable the iApp. Enables all the iApp on all channels if not given",
          "items": {
            "$ref": "iApp.175.channels"
          }
        }
      }
    }
  }
}