{
  "file": "channel.js",
  "ressourcePath": "channel",
  "bma": "channel",
  "apis": [
    {
      "path": "/{wyclubToken}/channel/channelList",
      "operations": [
        {
          "method": "GET",
          "nickname": "channel - readAll",
          "summary": "channel.readAll — Read all channel",
          "parameters": [
            {
              "paramType": "path",
              "name": "wyclubToken",
              "description": "A session ID",
              "dataType": "string",
              "required": true
            }
          ]
        }
      ]
    },
    {
      "path": "/{wyclubToken}/channel/channel/{serviceKey}",
      "operations": [
        {
          "method": "GET",
          "nickname": "channel - read",
          "summary": "channel.read — Read a channel",
          "parameters": [
            {
              "paramType": "path",
              "name": "wyclubToken",
              "description": "A session ID",
              "dataType": "string",
              "required": true
            },
            {
              "paramType": "path",
              "name": "serviceKey",
              "description": "The ID of the channel",
              "dataType": "string",
              "required": true
            }
          ]
        }
      ]
    },
    {
      "path": "/{wyclubToken}/channel/channel",
      "operations": [
        {
          "method": "POST",
          "nickname": "channel - create",
          "summary": "channel.create — Write an IP channel",
          "parameters": [
            {
              "paramType": "path",
              "name": "wyclubToken",
              "description": "A session ID",
              "dataType": "string",
              "required": true
            },
            {
              "paramType": "body",
              "name": "data",
              "description": "JSON data object",
              "dataType": "channel.187"
            }
          ]
        }
      ]
    },
    {
      "path": "/{wyclubToken}/channel/channel",
      "operations": [
        {
          "method": "POST",
          "nickname": "channel - create",
          "summary": "channel.create — Write a DTT channel",
          "parameters": [
            {
              "paramType": "path",
              "name": "wyclubToken",
              "description": "A session ID",
              "dataType": "string",
              "required": true
            },
            {
              "paramType": "body",
              "name": "data",
              "description": "JSON data object",
              "dataType": "channel.290"
            }
          ]
        }
      ]
    },
    {
      "path": "/{wyclubToken}/channel/channel",
      "operations": [
        {
          "method": "POST",
          "nickname": "channel - create",
          "summary": "channel.create — Write a DTT channel with IP inheritance",
          "parameters": [
            {
              "paramType": "path",
              "name": "wyclubToken",
              "description": "A session ID",
              "dataType": "string",
              "required": true
            },
            {
              "paramType": "body",
              "name": "data",
              "description": "JSON data object",
              "dataType": "channel.395"
            }
          ]
        }
      ]
    },
    {
      "path": "/{wyclubToken}/channel/channel",
      "operations": [
        {
          "method": "POST",
          "nickname": "channel - create",
          "summary": "channel.create — Write a radio channel",
          "parameters": [
            {
              "paramType": "path",
              "name": "wyclubToken",
              "description": "A session ID",
              "dataType": "string",
              "required": true
            },
            {
              "paramType": "body",
              "name": "data",
              "description": "JSON data object",
              "dataType": "channel.488"
            }
          ]
        }
      ]
    },
    {
      "path": "/{wyclubToken}/channel/channel/{serviceKey}",
      "operations": [
        {
          "method": "PATCH",
          "nickname": "channel - update",
          "summary": "channel.update — Update a channel",
          "parameters": [
            {
              "paramType": "path",
              "name": "wyclubToken",
              "description": "A session ID",
              "dataType": "string",
              "required": true
            },
            {
              "paramType": "path",
              "name": "serviceKey",
              "description": "The ID of the new channel",
              "dataType": "string",
              "required": true
            },
            {
              "paramType": "body",
              "name": "data",
              "description": "JSON data object",
              "dataType": "channel.616"
            }
          ]
        }
      ]
    },
    {
      "path": "/{wyclubToken}/channel/channel/{serviceKey}",
      "operations": [
        {
          "method": "DELETE",
          "nickname": "channel - delete",
          "summary": "channel.delete — Delete a channel",
          "parameters": [
            {
              "paramType": "path",
              "name": "wyclubToken",
              "description": "A session ID",
              "dataType": "string",
              "required": true
            },
            {
              "paramType": "path",
              "name": "serviceKey",
              "description": "The ID of the new channel",
              "dataType": "string",
              "required": true
            }
          ]
        }
      ]
    }
  ],
  "models": {
    "channel.187": {
      "id": "channel.187",
      "properties": {
        "serviceKey": {
          "type": "integer",
          "required": true,
          "description": "The new channel ID"
        },
        "channelName": {
          "type": "string",
          "required": true,
          "description": "The new channel name"
        },
        "type": {
          "type": "string",
          "required": true,
          "description": "The new channel type"
        },
        "contentDescription": {
          "type": "string",
          "required": false,
          "description": "The new channel description"
        },
        "note": {
          "type": "string",
          "required": false,
          "description": "The new channel note"
        },
        "contentType": {
          "type": "string",
          "required": true,
          "description": "The new channel content type"
        },
        "logoUrl": {
          "type": "string",
          "required": false,
          "description": "The new channel logo url"
        },
        "contentVideoUrl": {
          "type": "string",
          "required": false,
          "description": "The new channel content video url"
        },
        "genre": {
          "type": "string",
          "required": true,
          "description": "The new channel genre"
        },
        "genre1": {
          "type": "string",
          "required": false,
          "description": "The new channel sub-genre"
        },
        "unSubscribedMessage": {
          "type": "string",
          "required": false,
          "description": "The new channel message for unsubscribed watchers"
        },
        "epgSourceId": {
          "type": "integer",
          "required": true,
          "description": "The new channel ID in the EPG"
        },
        "recordable": {
          "type": "boolean",
          "required": false,
          "description": "A flag, true if the new channel is recordable",
          "defaultValue": "true"
        },
        "safe": {
          "type": "boolean",
          "required": false,
          "description": "A flag, true if the new channel is safe",
          "defaultValue": "true"
        },
        "searchAZ": {
          "type": "boolean",
          "required": false,
          "description": "A flag, true if the channel is listed on search functionality",
          "defaultValue": "true"
        },
        "surfFlag": {
          "type": "boolean",
          "required": false,
          "description": "A flag, true if the channel is listed through the surfing with P+/P-",
          "defaultValue": "true"
        },
        "searchScanFlag": {
          "type": "boolean",
          "required": false,
          "description": "A flag, true if the channel is listed through scan arrows UP/DOWN",
          "defaultValue": "true"
        },
        "listingFlag": {
          "type": "boolean",
          "required": false,
          "description": "A flag, true if the new channel is listed",
          "defaultValue": "true"
        },
        "channelCode": {
          "type": "integer",
          "required": false,
          "description": "The new channel code"
        },
        "sourceChannelID": {
          "type": "string",
          "required": true,
          "description": "The new channel source id"
        }
      }
    },
    "channel.290": {
      "id": "channel.290",
      "properties": {
        "serviceKey": {
          "type": "integer",
          "required": true,
          "description": "The new channel ID"
        },
        "channelName": {
          "type": "string",
          "required": true,
          "description": "The new channel name"
        },
        "type": {
          "type": "string",
          "required": true,
          "description": "The new channel type"
        },
        "contentDescription": {
          "type": "string",
          "required": false,
          "description": "The new channel description"
        },
        "note": {
          "type": "string",
          "required": false,
          "description": "The new channel note"
        },
        "contentType": {
          "type": "string",
          "required": true,
          "description": "The new channel content type"
        },
        "logoUrl": {
          "type": "string",
          "required": false,
          "description": "The new channel logo url"
        },
        "genre": {
          "type": "string",
          "required": true,
          "description": "The new channel genre"
        },
        "genre1": {
          "type": "string",
          "required": false,
          "description": "The new channel sub-genre"
        },
        "unSubscribedMessage": {
          "type": "string",
          "required": false,
          "description": "The new channel message for unsubscribed watchers"
        },
        "epgSourceId": {
          "type": "integer",
          "required": false,
          "description": "The new channel ID in the EPG"
        },
        "recordable": {
          "type": "boolean",
          "required": false,
          "description": "A flag, true if the new channel is recordable",
          "defaultValue": "true"
        },
        "safe": {
          "type": "boolean",
          "required": false,
          "description": "A flag, true if the new channel is safe",
          "defaultValue": "true"
        },
        "searchAZ": {
          "type": "boolean",
          "required": false,
          "description": "A flag, true if the channel is listed on search functionality",
          "defaultValue": "true"
        },
        "surfFlag": {
          "type": "boolean",
          "required": false,
          "description": "A flag, true if the channel is listed through the surfing with P+/P-",
          "defaultValue": "true"
        },
        "searchScanFlag": {
          "type": "boolean",
          "required": false,
          "description": "A flag, true if the channel is listed through scan arrows UP/DOWN",
          "defaultValue": "true"
        },
        "listingFlag": {
          "type": "boolean",
          "required": false,
          "description": "A flag, true if the new channel is listed",
          "defaultValue": "true"
        },
        "channelCode": {
          "type": "integer",
          "required": false,
          "description": "The new channel code"
        },
        "sourceChannelID": {
          "type": "string",
          "required": true,
          "description": "The new channel source id"
        },
        "networkID": {
          "type": "string",
          "required": true,
          "description": "The new channel network ID"
        },
        "transportID": {
          "type": "string",
          "required": true,
          "description": "The new channel transport ID"
        },
        "serviceID": {
          "type": "string",
          "required": true,
          "description": "The new channel service ID"
        }
      }
    },
    "channel.395": {
      "id": "channel.395",
      "properties": {
        "serviceKey": {
          "type": "integer",
          "required": true,
          "description": "The new channel ID"
        },
        "channelName": {
          "type": "string",
          "required": true,
          "description": "The new channel name"
        },
        "type": {
          "type": "string",
          "required": true,
          "description": "The new channel type"
        },
        "contentDescription": {
          "type": "string",
          "required": false,
          "description": "The new channel description"
        },
        "note": {
          "type": "string",
          "required": false,
          "description": "The new channel note"
        },
        "contentType": {
          "type": "string",
          "required": true,
          "description": "The new channel content type"
        },
        "networkID": {
          "type": "string",
          "required": true,
          "description": "The new channel network ID"
        },
        "transportID": {
          "type": "string",
          "required": true,
          "description": "The new channel transport ID"
        },
        "serviceID": {
          "type": "string",
          "required": true,
          "description": "The new channel service ID"
        },
        "serviceKeySource": {
          "type": "string",
          "required": true,
          "description": "The new channel service key source"
        }
      }
    },
    "channel.488": {
      "id": "channel.488",
      "properties": {
        "serviceKey": {
          "type": "integer",
          "required": true,
          "description": "The new channel ID"
        },
        "channelName": {
          "type": "string",
          "required": true,
          "description": "The new channel name"
        },
        "type": {
          "type": "string",
          "required": true,
          "description": "The new channel type"
        },
        "contentDescription": {
          "type": "string",
          "required": false,
          "description": "The new channel description"
        },
        "note": {
          "type": "string",
          "required": false,
          "description": "The new channel note"
        },
        "logoUrl": {
          "type": "string",
          "required": false,
          "description": "The new channel logo url"
        },
        "contentVideoUrl": {
          "type": "string",
          "required": false,
          "description": "The new channel content video url"
        },
        "genre": {
          "type": "string",
          "required": true,
          "description": "The new channel genre"
        },
        "genre1": {
          "type": "string",
          "required": false,
          "description": "The new channel sub-genre"
        },
        "unSubscribedMessage": {
          "type": "string",
          "required": false,
          "description": "The new channel message for unsubscribed watchers"
        },
        "epgSourceId": {
          "type": "integer",
          "required": true,
          "description": "The new channel ID in the EPG"
        },
        "recordable": {
          "type": "boolean",
          "required": false,
          "description": "A flag, true if the new channel is recordable",
          "defaultValue": "true"
        },
        "safe": {
          "type": "boolean",
          "required": false,
          "description": "A flag, true if the new channel is safe",
          "defaultValue": "true"
        },
        "searchAZ": {
          "type": "boolean",
          "required": false,
          "description": "A flag, true if the channel is listed on search functionality",
          "defaultValue": "true"
        },
        "surfFlag": {
          "type": "boolean",
          "required": false,
          "description": "A flag, true if the channel is listed through the surfing with P+/P-",
          "defaultValue": "true"
        },
        "searchScanFlag": {
          "type": "boolean",
          "required": false,
          "description": "A flag, true if the channel is listed through scan arrows UP/DOWN",
          "defaultValue": "true"
        },
        "listingFlag": {
          "type": "boolean",
          "required": false,
          "description": "A flag, true if the new channel is listed",
          "defaultValue": "true"
        },
        "channelCode": {
          "type": "integer",
          "required": false,
          "description": "The new channel code"
        },
        "sourceChannelID": {
          "type": "string",
          "required": true,
          "description": "The new channel source id"
        }
      }
    },
    "channel.616": {
      "id": "channel.616",
      "properties": {
        "label": {
          "type": "string",
          "required": false,
          "description": "The name of the new channel"
        },
        "contentType": {
          "type": "string",
          "required": false,
          "description": "The content type of the new channel"
        },
        "genre": {
          "type": "string",
          "required": false,
          "description": "The genre of the new channel"
        },
        "genre1": {
          "type": "string",
          "required": false,
          "description": "The sub-genre of the new channel"
        },
        "channelDescription": {
          "type": "string",
          "required": false,
          "description": "The description of the new channel"
        },
        "minMaturityRating": {
          "type": "string",
          "required": false,
          "description": "The minimal age required for this channel"
        },
        "unSubscribedMessage": {
          "type": "string",
          "required": false,
          "description": "The message displayed if not subscribed to the channel"
        },
        "epgSourceId": {
          "type": "integer",
          "required": false,
          "description": "The epg ID of the new channel"
        },
        "recordable": {
          "type": "boolean",
          "required": false,
          "description": "A flag, true if the channel is recordable"
        },
        "searchAZ": {
          "type": "boolean",
          "required": false,
          "description": "A flag, true if the channel is listed on search functionality"
        },
        "surfFlag": {
          "type": "boolean",
          "required": false,
          "description": "A flag, true if the channel is listed through the surfing with P+/P-"
        },
        "searchScanFlag": {
          "type": "boolean",
          "required": false,
          "description": "A flag, true if the channel is listed through scan arrows UP/DOWN"
        },
        "listingFlag": {
          "type": "boolean",
          "required": false,
          "description": "A flag, true if the channel appears in listing"
        }
      }
    }
  }
}