{
  "file": "maxValidity.js",
  "ressourcePath": "maxValidity",
  "bma": "rendezVous",
  "apis": [
    {
      "path": "/{wyclubToken}/rendezVous/{resourceType}/maxValidity",
      "operations": [
        {
          "method": "POST",
          "nickname": "maxValidity - create",
          "summary": "maxValidity.create — Set the max validity of a resource in hours",
          "parameters": [
            {
              "paramType": "path",
              "name": "wyclubToken",
              "description": "A session ID",
              "dataType": "string",
              "required": true
            },
            {
              "paramType": "path",
              "name": "resourceType",
              "description": "A resource type : values within [epg, lineup, software]",
              "dataType": "string",
              "required": true
            },
            {
              "paramType": "body",
              "name": "data",
              "description": "JSON data object",
              "dataType": "maxValidity.39"
            }
          ]
        }
      ]
    },
    {
      "path": "/{wyclubToken}/rendezVous/{resourceType}/maxValidity",
      "operations": [
        {
          "method": "DELETE",
          "nickname": "maxValidity - delete",
          "summary": "maxValidity.delete — delete the max validity of a wyplay middleware with its resourceType",
          "parameters": [
            {
              "paramType": "path",
              "name": "wyclubToken",
              "description": "A session ID",
              "dataType": "string",
              "required": true
            },
            {
              "paramType": "path",
              "name": "resourceType",
              "description": "the resourceType of max validity to delete",
              "dataType": "string",
              "required": true
            }
          ]
        }
      ]
    }
  ],
  "models": {
    "maxValidity.39": {
      "id": "maxValidity.39",
      "properties": {
        "maxValidity": {
          "type": "int",
          "required": true,
          "description": "the max validity of a resource in hours"
        }
      }
    }
  }
}