{
  "file": "rendezVous.js",
  "ressourcePath": "rendezVous",
  "bma": "rendezVous",
  "apis": [
    {
      "path": "/{wyclubToken}/resource/{resourceType}",
      "operations": [
        {
          "method": "GET",
          "nickname": "rendezVous - getResource",
          "summary": "rendezVous.getResource — Get a resource location and its associated next rendez-vous.",
          "parameters": [
            {
              "paramType": "path",
              "name": "wyclubToken",
              "description": "The WyClub token.",
              "dataType": "string",
              "required": true
            },
            {
              "paramType": "path",
              "name": "resourceType",
              "description": "The resource type. Allowed values: \"``epg``\", \"``iapps``\", ``lineup``\", , \"``software``\".",
              "dataType": "string",
              "required": true
            },
            {
              "paramType": "header",
              "name": "If-None-Match",
              "description": "The previous resource ETag.",
              "dataType": "string",
              "required": false
            }
          ]
        }
      ]
    },
    {
      "path": "/{wyclubToken}/resource/lineup",
      "operations": [
        {
          "method": "GET",
          "nickname": "rendezVous - getResourceLineup",
          "summary": "rendezVous.getResource — Get a lineup location and its associated next rendez-vous.",
          "parameters": [
            {
              "paramType": "path",
              "name": "wyclubToken",
              "description": "The WyClub Token.",
              "dataType": "string",
              "required": true
            },
            {
              "paramType": "query",
              "name": "bouquetId",
              "description": "The requested lineup bouquet ID.",
              "dataType": "string",
              "required": true
            },
            {
              "paramType": "query",
              "name": "smartcardSN",
              "description": "The smartcard serial number currently in use.",
              "dataType": "string",
              "required": true
            },
            {
              "paramType": "header",
              "name": "If-None-Match",
              "description": "The previous resource ETag.",
              "dataType": "string",
              "required": false
            }
          ]
        }
      ]
    },
    {
      "path": "/{wyclubToken}/resource/iapps",
      "operations": [
        {
          "method": "GET",
          "nickname": "rendezVous - getResourceiApp",
          "summary": "rendezVous.getResource — Get an iApps catalog location and its associated next rendez-vous.",
          "parameters": [
            {
              "paramType": "path",
              "name": "wyclubToken",
              "description": "The WyClub Token.",
              "dataType": "string",
              "required": true
            },
            {
              "paramType": "query",
              "name": "bouquetId",
              "description": "The requested bouquet ID iApps catalog.",
              "dataType": "string",
              "required": true
            },
            {
              "paramType": "header",
              "name": "If-None-Match",
              "description": "The previous resource ETag.",
              "dataType": "string",
              "required": false
            }
          ]
        }
      ]
    },
    {
      "path": "/{wyclubToken}/resource/epg",
      "operations": [
        {
          "method": "GET",
          "nickname": "rendezVous - getResourceEpg",
          "summary": "rendezVous.getResource — Get an EPG location and its associated next rendez-vous.",
          "parameters": [
            {
              "paramType": "path",
              "name": "wyclubToken",
              "description": "The WyClub Token.",
              "dataType": "string",
              "required": true
            },
            {
              "paramType": "header",
              "name": "If-None-Match",
              "description": "The previous resource ETag.",
              "dataType": "string",
              "required": false
            }
          ]
        }
      ]
    },
    {
      "path": "/{wyclubToken}/resource/software",
      "operations": [
        {
          "method": "GET",
          "nickname": "rendezVous - getResourceSoftware",
          "summary": "rendezVous.getResource — Get a software update location and its associated next rendez-vous.",
          "parameters": [
            {
              "paramType": "path",
              "name": "wyclubToken",
              "description": "The WyClub Token.",
              "dataType": "string",
              "required": true
            },
            {
              "paramType": "header",
              "name": "If-None-Match",
              "description": "The previous resource ETag.",
              "dataType": "string",
              "required": false
            }
          ]
        }
      ]
    }
  ]
}