{
  "file": "timeWindow.js",
  "ressourcePath": "timeWindow",
  "bma": "rendezVous",
  "apis": [
    {
      "path": "/{wyclubToken}/rendezVous/{resourceType}/timeWindow",
      "operations": [
        {
          "method": "POST",
          "nickname": "timeWindow - create",
          "summary": "timeWindow.create — Add a time window to a resource type",
          "parameters": [
            {
              "paramType": "path",
              "name": "wyclubToken",
              "description": "A session ID",
              "dataType": "string",
              "required": true
            },
            {
              "paramType": "path",
              "name": "resourceType",
              "description": "A resource type : a value within [epg, software, lineup]",
              "dataType": "string",
              "required": true
            },
            {
              "paramType": "body",
              "name": "data",
              "description": "JSON data object",
              "dataType": "timeWindow.40"
            }
          ]
        }
      ]
    },
    {
      "path": "/{wyclubToken}/rendezVous/{resourceType}/timeWindow/{id}",
      "operations": [
        {
          "method": "DELETE",
          "nickname": "timeWindow - delete",
          "summary": "timeWindow.delete — remove a time window from a resource type",
          "parameters": [
            {
              "paramType": "path",
              "name": "wyclubToken",
              "description": "A session ID",
              "dataType": "string",
              "required": true
            },
            {
              "paramType": "path",
              "name": "resourceType",
              "description": "A resource type : a value within [epg, software, lineup]",
              "dataType": "string",
              "required": true
            },
            {
              "paramType": "path",
              "name": "id",
              "description": "the ID of the time window to delete",
              "dataType": "string",
              "required": true
            }
          ]
        }
      ]
    }
  ],
  "models": {
    "timeWindow.40": {
      "id": "timeWindow.40",
      "properties": {
        "hMin": {
          "type": "int",
          "required": true,
          "description": "The minimal hour of the time window"
        },
        "hMax": {
          "type": "int",
          "required": true,
          "description": "The maximal hour of the time window"
        }
      }
    }
  }
}