{
  "file": "push.js",
  "ressourcePath": "push",
  "bma": "push",
  "apis": [
    {
      "path": "/{wyclubToken}/push/channel",
      "operations": [
        {
          "method": "GET",
          "nickname": "push - channel",
          "summary": "push.channel - Establish the push notification channel (SSE)",
          "parameters": [
            {
              "paramType": "path",
              "name": "wyclubToken",
              "description": "The WyclubToken",
              "dataType": "string",
              "required": true
            },
            {
              "paramType": "query",
              "name": "pskv",
              "description": "Project Specific Keys and Values. URL encoded JSON object.",
              "dataType": "string",
              "required": true
            }
          ]
        }
      ]
    }
  ]
}