{
  "file": "epg.js",
  "ressourcePath": "epg",
  "bma": "epg",
  "apis": [
    {
      "path": "/{wyclubToken}/epg/epg",
      "operations": [
        {
          "method": "GET",
          "nickname": "epg - read",
          "summary": "epg.read — Read epg with param",
          "parameters": [
            {
              "paramType": "path",
              "name": "wyclubToken",
              "description": "A session ID",
              "dataType": "string",
              "required": true
            },
            {
              "paramType": "query",
              "name": "trafficKey",
              "description": "The traffic key",
              "dataType": "number",
              "required": false
            },
            {
              "paramType": "query",
              "name": "serviceId",
              "description": "The channel ID",
              "dataType": "number",
              "required": false
            },
            {
              "paramType": "query",
              "name": "start",
              "description": "Find all programs starting later than",
              "dataType": "number",
              "required": false
            },
            {
              "paramType": "query",
              "name": "stop",
              "description": "Find all programs ending earlier than",
              "dataType": "number",
              "required": false
            },
            {
              "paramType": "query",
              "name": "paginationSkip",
              "description": "Number of programs to skip",
              "dataType": "number",
              "required": false
            },
            {
              "paramType": "query",
              "name": "paginationLimit",
              "description": "Number of programs to return (a large number may freeze swagger)",
              "dataType": "number",
              "required": false
            }
          ]
        }
      ]
    }
  ]
}