{
  "file": "tag.js",
  "ressourcePath": "tag",
  "bma": "tag",
  "apis": [
    {
      "path": "/{wyclubToken}/tag/tag",
      "operations": [
        {
          "method": "GET",
          "nickname": "tag - read",
          "summary": "tag.read — Read the requested tag's info.",
          "parameters": [
            {
              "paramType": "path",
              "name": "wyclubToken",
              "description": "A session ID",
              "dataType": "string",
              "required": true
            },
            {
              "paramType": "query",
              "name": "tagId",
              "description": "Tag ID",
              "dataType": "string",
              "required": true
            },
            {
              "paramType": "query",
              "name": "accessToken",
              "description": "A session access token.",
              "dataType": "string",
              "required": false
            }
          ]
        }
      ]
    }
  ]
}