{
  "file": "campaign.js",
  "ressourcePath": "campaign",
  "bma": "softwareUpdate",
  "apis": [
    {
      "path": "/{wyclubToken}/softwareUpdate/campaign",
      "operations": [
        {
          "method": "POST",
          "nickname": "campaign - create",
          "summary": "campaign.create - Create a software update campaign",
          "parameters": [
            {
              "paramType": "path",
              "name": "wyclubToken",
              "description": "WyClub Token",
              "dataType": "string",
              "required": true
            },
            {
              "paramType": "body",
              "name": "data",
              "description": "JSON data object",
              "dataType": "campaign.91"
            }
          ]
        }
      ]
    },
    {
      "path": "/{wyclubToken}/softwareUpdate/campaign/{campaignId}",
      "operations": [
        {
          "method": "PATCH",
          "nickname": "campaign - update",
          "summary": "campaign.update - Update a software update campaign",
          "parameters": [
            {
              "paramType": "path",
              "name": "wyclubToken",
              "description": "WyClub Token",
              "dataType": "string",
              "required": true
            },
            {
              "paramType": "body",
              "name": "data",
              "description": "JSON data object",
              "dataType": "campaign.269"
            },
            {
              "paramType": "path",
              "name": "campaignId",
              "description": "Campaign ID to update",
              "dataType": "string",
              "required": true
            }
          ]
        }
      ]
    },
    {
      "path": "/{wyclubToken}/softwareUpdate/campaign/{campaignId}",
      "operations": [
        {
          "method": "GET",
          "nickname": "campaign - read",
          "summary": "campaign.read - Read a software update campaign",
          "parameters": [
            {
              "paramType": "path",
              "name": "wyclubToken",
              "description": "WyClub Token",
              "dataType": "string",
              "required": true
            },
            {
              "paramType": "query",
              "name": "resourceType",
              "description": "The campaign type. Must be: \"software\"",
              "dataType": "String",
              "required": true
            },
            {
              "paramType": "path",
              "name": "campaignId",
              "description": "Campaign ID to read",
              "dataType": "string",
              "required": true
            }
          ]
        }
      ]
    },
    {
      "path": "/{wyclubToken}/softwareUpdate/campaigns",
      "operations": [
        {
          "method": "GET",
          "nickname": "campaign - readAll",
          "summary": "campaign.readAll - Read all software update campaigns",
          "parameters": [
            {
              "paramType": "path",
              "name": "wyclubToken",
              "description": "WyClub Token",
              "dataType": "string",
              "required": true
            },
            {
              "paramType": "query",
              "name": "resourceType",
              "description": "The campaign type. Must be: \"software\"",
              "dataType": "String",
              "required": true
            }
          ]
        }
      ]
    },
    {
      "path": "/{wyclubToken}/softwareUpdate/campaign",
      "operations": [
        {
          "method": "POST",
          "nickname": "campaign - create",
          "summary": "campaign.create - Create a bootloader update campaign",
          "parameters": [
            {
              "paramType": "path",
              "name": "wyclubToken",
              "description": "WyClub Token",
              "dataType": "string",
              "required": true
            },
            {
              "paramType": "body",
              "name": "data",
              "description": "JSON data object",
              "dataType": "campaign.196"
            }
          ]
        }
      ]
    },
    {
      "path": "/{wyclubToken}/softwareUpdate/campaign/{campaignId}",
      "operations": [
        {
          "method": "PATCH",
          "nickname": "campaign - update",
          "summary": "campaign.update - Update a bootloader update campaign",
          "parameters": [
            {
              "paramType": "path",
              "name": "wyclubToken",
              "description": "WyClub Token",
              "dataType": "string",
              "required": true
            },
            {
              "paramType": "body",
              "name": "data",
              "description": "JSON data object",
              "dataType": "campaign.300"
            },
            {
              "paramType": "path",
              "name": "campaignId",
              "description": "Campaign ID to update",
              "dataType": "string",
              "required": true
            }
          ]
        }
      ]
    },
    {
      "path": "/{wyclubToken}/softwareUpdate/campaign/{campaignId}",
      "operations": [
        {
          "method": "DELETE",
          "nickname": "campaign - delete",
          "summary": "campaign.delete — Delete a campaign",
          "parameters": [
            {
              "paramType": "path",
              "name": "wyclubToken",
              "description": "WyClub Token",
              "dataType": "string",
              "required": true
            },
            {
              "paramType": "body",
              "name": "data",
              "description": "JSON data object",
              "dataType": "campaign.413"
            },
            {
              "paramType": "path",
              "name": "campaignId",
              "description": "Campaign ID to delete",
              "dataType": "string",
              "required": true
            }
          ]
        }
      ]
    },
    {
      "path": "/{wyclubToken}/softwareUpdate/campaign/{campaignId}",
      "operations": [
        {
          "method": "GET",
          "nickname": "campaign - read",
          "summary": "campaign.read - Read a bootloader update campaign",
          "parameters": [
            {
              "paramType": "path",
              "name": "wyclubToken",
              "description": "WyClub Token",
              "dataType": "string",
              "required": true
            },
            {
              "paramType": "query",
              "name": "resourceType",
              "description": "The campaign type. Must be: \"bootloader\"",
              "dataType": "String",
              "required": true
            },
            {
              "paramType": "path",
              "name": "campaignId",
              "description": "Campaign ID to read",
              "dataType": "string",
              "required": true
            }
          ]
        }
      ]
    },
    {
      "path": "/{wyclubToken}/softwareUpdate/campaigns",
      "operations": [
        {
          "method": "GET",
          "nickname": "campaign - readAll",
          "summary": "campaign.readAll - Read all bootloader update campaigns",
          "parameters": [
            {
              "paramType": "path",
              "name": "wyclubToken",
              "description": "WyClub Token",
              "dataType": "string",
              "required": true
            },
            {
              "paramType": "query",
              "name": "resourceType",
              "description": "The campaign type. Must be: \"bootloader\"",
              "dataType": "String",
              "required": true
            }
          ]
        }
      ]
    }
  ],
  "models": {
    "campaign.91": {
      "id": "campaign.91",
      "properties": {
        "resourceType": {
          "type": "string",
          "required": true,
          "description": "The campaign type. Must be: \"software\""
        },
        "values": {
          "type": "object",
          "required": true,
          "description": "Campaign description",
          "items": {
            "$ref": "campaign.91.values"
          }
        }
      }
    },
    "campaign.91.values": {
      "id": "campaign.91.values",
      "properties": {
        "resourceName": {
          "type": "string",
          "required": true,
          "description": "Name of the resource"
        },
        "resourceVersion": {
          "type": "string",
          "required": true,
          "description": "Version of the resource"
        },
        "mandatory": {
          "type": "boolean",
          "required": true,
          "description": "To know if the update is mandatory or optional."
        },
        "forced": {
          "type": "boolean",
          "required": true,
          "description": "To know if the update is forced or not."
        },
        "installationType": {
          "type": "string",
          "required": true,
          "description": "When the installation shall be performed. Allowed values: “immediate”, “poweron”, “standby”"
        },
        "priority": {
          "type": "integer",
          "required": true,
          "description": "Priority of the campaign. Higher value means higher priority"
        },
        "activated": {
          "type": "boolean",
          "required": true,
          "description": "To know if the campaign is active or not"
        },
        "hardwareModel": {
          "type": "object",
          "required": true,
          "description": "Hardware model condition",
          "items": {
            "$ref": "campaign.91.values.hardwareModel"
          }
        },
        "stbSN": {
          "type": "object",
          "required": true,
          "description": "STB Serial number conditions",
          "items": {
            "$ref": "campaign.91.values.stbSN"
          }
        },
        "smartcardSN": {
          "type": "object",
          "required": true,
          "description": "Smartcard Serial number conditions",
          "items": {
            "$ref": "campaign.91.values.smartcardSN"
          }
        },
        "currentSoftwareVersion": {
          "type": "object",
          "required": true,
          "description": "Software version condition",
          "items": {
            "$ref": "campaign.91.values.currentSoftwareVersion"
          }
        },
        "campaignDates": {
          "type": "object",
          "required": true,
          "description": "Date conditions",
          "items": {
            "$ref": "campaign.91.values.campaignDates"
          }
        }
      }
    },
    "campaign.91.values.hardwareModel": {
      "id": "campaign.91.values.hardwareModel",
      "properties": {
        "value": {
          "type": "string",
          "required": true,
          "description": "Hardware model"
        },
        "operator": {
          "type": "string",
          "required": true,
          "description": "Operator to apply on value. Allowed values: \"=\", \"!=\", \"<\", \">\", \"<=\", \">=\""
        }
      }
    },
    "campaign.91.values.stbSN": {
      "id": "campaign.91.values.stbSN",
      "properties": {
        "value": {
          "type": "string",
          "required": true,
          "description": "STB Serial number"
        },
        "operator": {
          "type": "string",
          "required": true,
          "description": "Operator to apply on value. Allowed values: \"=\", \"!=\", \"<\", \">\", \"<=\", \">=\""
        },
        "range": {
          "type": "array",
          "required": true,
          "description": "Array of STB Serial number range",
          "items": {
            "$ref": "campaign.91.values.stbSN.range"
          }
        }
      }
    },
    "campaign.91.values.stbSN.range": {
      "id": "campaign.91.values.stbSN.range",
      "properties": {
        "min": {
          "type": "string",
          "required": true,
          "description": "Minimum limit for a STB serial number range"
        },
        "max": {
          "type": "string",
          "required": true,
          "description": "Maximum limit for a STB serial number range"
        }
      }
    },
    "campaign.91.values.smartcardSN": {
      "id": "campaign.91.values.smartcardSN",
      "properties": {
        "value": {
          "type": "string",
          "required": true,
          "description": "Smartcard Serial number"
        },
        "operator": {
          "type": "string",
          "required": true,
          "description": "Operator to apply on value. Allowed values: \"=\", \"!=\", \"<\", \">\", \"<=\", \">=\""
        },
        "range": {
          "type": "array",
          "required": true,
          "description": "Array of smartcard Serial number range",
          "items": {
            "$ref": "campaign.91.values.smartcardSN.range"
          }
        }
      }
    },
    "campaign.91.values.smartcardSN.range": {
      "id": "campaign.91.values.smartcardSN.range",
      "properties": {
        "min": {
          "type": "string",
          "required": true,
          "description": "Minimum limit for a smartcard serial number range"
        },
        "max": {
          "type": "string",
          "required": true,
          "description": "Maximum limit for a smartcard serial number range"
        }
      }
    },
    "campaign.91.values.currentSoftwareVersion": {
      "id": "campaign.91.values.currentSoftwareVersion",
      "properties": {
        "value": {
          "type": "string",
          "required": true,
          "description": "Software version"
        },
        "operator": {
          "type": "string",
          "required": true,
          "description": "Operator to apply on value. Allowed values: \"=\", \"!=\", \"<\", \">\", \"<=\", \">=\""
        }
      }
    },
    "campaign.91.values.campaignDates": {
      "id": "campaign.91.values.campaignDates",
      "properties": {
        "value": {
          "type": "integer",
          "required": true,
          "description": "Date (UTC timestamp)"
        },
        "operator": {
          "type": "string",
          "required": true,
          "description": "Operator to apply on value. Allowed values: \"=\", \"!=\", \"<\", \">\", \"<=\", \">=\""
        },
        "range": {
          "type": "array",
          "required": true,
          "description": "Array of date range",
          "items": {
            "$ref": "campaign.91.values.campaignDates.range"
          }
        }
      }
    },
    "campaign.91.values.campaignDates.range": {
      "id": "campaign.91.values.campaignDates.range",
      "properties": {
        "min": {
          "type": "integer",
          "required": true,
          "description": "Minimum limit for a date range (UTC timestamp)"
        },
        "max": {
          "type": "integer",
          "required": true,
          "description": "Maximum limit for a date range (UTC timestamp)"
        }
      }
    },
    "campaign.269": {
      "id": "campaign.269",
      "properties": {
        "resourceType": {
          "type": "string",
          "required": true,
          "description": "The campaign type. Must be: \"software\""
        },
        "values": {
          "type": "object",
          "required": true,
          "description": "Campaign description",
          "items": {
            "$ref": "campaign.269.values"
          }
        }
      }
    },
    "campaign.269.values": {
      "id": "campaign.269.values",
      "properties": {
        "resourceName": {
          "type": "string",
          "required": true,
          "description": "Name of the resource"
        },
        "resourceVersion": {
          "type": "string",
          "required": true,
          "description": "Version of the resource"
        },
        "mandatory": {
          "type": "boolean",
          "required": true,
          "description": "To know if the update is mandatory or optional."
        },
        "forced": {
          "type": "boolean",
          "required": true,
          "description": "To know if the update is forced or not."
        },
        "installationType": {
          "type": "string",
          "required": true,
          "description": "When the installation shall be performed. Allowed values: “immediate”, “poweron”, “standby”"
        },
        "priority": {
          "type": "integer",
          "required": true,
          "description": "Priority of the campaign. Higher value means higher priority"
        },
        "activated": {
          "type": "boolean",
          "required": true,
          "description": "To know if the campaign is active or not"
        },
        "hardwareModel": {
          "type": "object",
          "required": true,
          "description": "Hardware model condition",
          "items": {
            "$ref": "campaign.269.values.hardwareModel"
          }
        },
        "stbSN": {
          "type": "object",
          "required": true,
          "description": "STB Serial number conditions",
          "items": {
            "$ref": "campaign.269.values.stbSN"
          }
        },
        "smartcardSN": {
          "type": "object",
          "required": true,
          "description": "Smartcard Serial number conditions",
          "items": {
            "$ref": "campaign.269.values.smartcardSN"
          }
        },
        "currentSoftwareVersion": {
          "type": "object",
          "required": true,
          "description": "Software version condition",
          "items": {
            "$ref": "campaign.269.values.currentSoftwareVersion"
          }
        },
        "campaignDates": {
          "type": "object",
          "required": true,
          "description": "Date conditions",
          "items": {
            "$ref": "campaign.269.values.campaignDates"
          }
        }
      }
    },
    "campaign.269.values.hardwareModel": {
      "id": "campaign.269.values.hardwareModel",
      "properties": {
        "value": {
          "type": "string",
          "required": true,
          "description": "Hardware model"
        },
        "operator": {
          "type": "string",
          "required": true,
          "description": "Operator to apply on value. Allowed values: \"=\", \"!=\", \"<\", \">\", \"<=\", \">=\""
        }
      }
    },
    "campaign.269.values.stbSN": {
      "id": "campaign.269.values.stbSN",
      "properties": {
        "value": {
          "type": "string",
          "required": true,
          "description": "STB Serial number"
        },
        "operator": {
          "type": "string",
          "required": true,
          "description": "Operator to apply on value. Allowed values: \"=\", \"!=\", \"<\", \">\", \"<=\", \">=\""
        },
        "range": {
          "type": "array",
          "required": true,
          "description": "Array of STB Serial number range",
          "items": {
            "$ref": "campaign.269.values.stbSN.range"
          }
        }
      }
    },
    "campaign.269.values.stbSN.range": {
      "id": "campaign.269.values.stbSN.range",
      "properties": {
        "min": {
          "type": "string",
          "required": true,
          "description": "Minimum limit for a STB serial number range"
        },
        "max": {
          "type": "string",
          "required": true,
          "description": "Maximum limit for a STB serial number range"
        }
      }
    },
    "campaign.269.values.smartcardSN": {
      "id": "campaign.269.values.smartcardSN",
      "properties": {
        "value": {
          "type": "string",
          "required": true,
          "description": "Smartcard Serial number"
        },
        "operator": {
          "type": "string",
          "required": true,
          "description": "Operator to apply on value. Allowed values: \"=\", \"!=\", \"<\", \">\", \"<=\", \">=\""
        },
        "range": {
          "type": "array",
          "required": true,
          "description": "Array of smartcard Serial number range",
          "items": {
            "$ref": "campaign.269.values.smartcardSN.range"
          }
        }
      }
    },
    "campaign.269.values.smartcardSN.range": {
      "id": "campaign.269.values.smartcardSN.range",
      "properties": {
        "min": {
          "type": "string",
          "required": true,
          "description": "Minimum limit for a smartcard serial number range"
        },
        "max": {
          "type": "string",
          "required": true,
          "description": "Maximum limit for a smartcard serial number range"
        }
      }
    },
    "campaign.269.values.currentSoftwareVersion": {
      "id": "campaign.269.values.currentSoftwareVersion",
      "properties": {
        "value": {
          "type": "string",
          "required": true,
          "description": "Software version"
        },
        "operator": {
          "type": "string",
          "required": true,
          "description": "Operator to apply on value. Allowed values: \"=\", \"!=\", \"<\", \">\", \"<=\", \">=\""
        }
      }
    },
    "campaign.269.values.campaignDates": {
      "id": "campaign.269.values.campaignDates",
      "properties": {
        "value": {
          "type": "integer",
          "required": true,
          "description": "Date (UTC timestamp)"
        },
        "operator": {
          "type": "string",
          "required": true,
          "description": "Operator to apply on value. Allowed values: \"=\", \"!=\", \"<\", \">\", \"<=\", \">=\""
        },
        "range": {
          "type": "array",
          "required": true,
          "description": "Array of date range",
          "items": {
            "$ref": "campaign.269.values.campaignDates.range"
          }
        }
      }
    },
    "campaign.269.values.campaignDates.range": {
      "id": "campaign.269.values.campaignDates.range",
      "properties": {
        "min": {
          "type": "integer",
          "required": true,
          "description": "Minimum limit for a date range (UTC timestamp)"
        },
        "max": {
          "type": "integer",
          "required": true,
          "description": "Maximum limit for a date range (UTC timestamp)"
        }
      }
    },
    "campaign.196": {
      "id": "campaign.196",
      "properties": {
        "resourceType": {
          "type": "string",
          "required": true,
          "description": "The campaign type. Must be: \"bootloader\""
        },
        "values": {
          "type": "object",
          "required": true,
          "description": "Campaign description",
          "items": {
            "$ref": "campaign.196.values"
          }
        }
      }
    },
    "campaign.196.values": {
      "id": "campaign.196.values",
      "properties": {
        "resourceName": {
          "type": "string",
          "required": true,
          "description": "Name of the resource"
        },
        "resourceVersion": {
          "type": "string",
          "required": true,
          "description": "Version of the resource"
        },
        "mandatory": {
          "type": "boolean",
          "required": true,
          "description": "To know if the update is mandatory or optional."
        },
        "forced": {
          "type": "boolean",
          "required": true,
          "description": "To know if the update is forced or not."
        },
        "installationType": {
          "type": "string",
          "required": true,
          "description": "When the installation shall be performed. Allowed values: “immediate”, “poweron”, “standby”"
        },
        "priority": {
          "type": "integer",
          "required": true,
          "description": "Priority of the campaign. Higher value means higher priority"
        },
        "activated": {
          "type": "boolean",
          "required": true,
          "description": "To know if the campaign is active or not"
        },
        "hardwareModel": {
          "type": "object",
          "required": true,
          "description": "Hardware model condition",
          "items": {
            "$ref": "campaign.196.values.hardwareModel"
          }
        },
        "currentSoftwareVersion": {
          "type": "object",
          "required": true,
          "description": "Software version condition",
          "items": {
            "$ref": "campaign.196.values.currentSoftwareVersion"
          }
        }
      }
    },
    "campaign.196.values.hardwareModel": {
      "id": "campaign.196.values.hardwareModel",
      "properties": {
        "value": {
          "type": "string",
          "required": true,
          "description": "Hardware model"
        },
        "operator": {
          "type": "string",
          "required": true,
          "description": "Operator to apply on value. Allowed values: \"=\", \"!=\", \"<\", \">\", \"<=\", \">=\""
        }
      }
    },
    "campaign.196.values.currentSoftwareVersion": {
      "id": "campaign.196.values.currentSoftwareVersion",
      "properties": {
        "value": {
          "type": "string",
          "required": true,
          "description": "Software version"
        },
        "operator": {
          "type": "string",
          "required": true,
          "description": "Operator to apply on value. Allowed values: \"=\", \"!=\", \"<\", \">\", \"<=\", \">=\""
        }
      }
    },
    "campaign.300": {
      "id": "campaign.300",
      "properties": {
        "resourceType=bootloader": {
          "type": "string",
          "required": true,
          "description": "The campaign type. Must be: \"bootloader\""
        },
        "values": {
          "type": "object",
          "required": true,
          "description": "Campaign description",
          "items": {
            "$ref": "campaign.300.values"
          }
        }
      }
    },
    "campaign.300.values": {
      "id": "campaign.300.values",
      "properties": {
        "resourceName": {
          "type": "string",
          "required": true,
          "description": "Name of the resource"
        },
        "resourceVersion": {
          "type": "string",
          "required": true,
          "description": "Version of the resource"
        },
        "mandatory": {
          "type": "boolean",
          "required": true,
          "description": "To know if the update is mandatory or optional."
        },
        "forced": {
          "type": "boolean",
          "required": true,
          "description": "To know if the update is forced or not."
        },
        "installationType": {
          "type": "string",
          "required": true,
          "description": "When the installation shall be performed. Allowed values: “immediate”, “poweron”, “standby”"
        },
        "priority": {
          "type": "integer",
          "required": true,
          "description": "Priority of the campaign. Higher value means higher priority"
        },
        "activated": {
          "type": "boolean",
          "required": true,
          "description": "To know if the campaign is active or not"
        },
        "hardwareModel": {
          "type": "object",
          "required": true,
          "description": "Hardware model condition",
          "items": {
            "$ref": "campaign.300.values.hardwareModel"
          }
        },
        "currentSoftwareVersion": {
          "type": "object",
          "required": true,
          "description": "Software version condition",
          "items": {
            "$ref": "campaign.300.values.currentSoftwareVersion"
          }
        }
      }
    },
    "campaign.300.values.hardwareModel": {
      "id": "campaign.300.values.hardwareModel",
      "properties": {
        "value": {
          "type": "string",
          "required": true,
          "description": "Hardware model"
        },
        "operator": {
          "type": "string",
          "required": true,
          "description": "Operator to apply on value. Allowed values: \"=\", \"!=\", \"<\", \">\", \"<=\", \">=\""
        }
      }
    },
    "campaign.300.values.currentSoftwareVersion": {
      "id": "campaign.300.values.currentSoftwareVersion",
      "properties": {
        "value": {
          "type": "string",
          "required": true,
          "description": "Software version"
        },
        "operator": {
          "type": "string",
          "required": true,
          "description": "Operator to apply on value. Allowed values: \"=\", \"!=\", \"<\", \">\", \"<=\", \">=\""
        }
      }
    },
    "campaign.413": {
      "id": "campaign.413",
      "properties": {
        "resourceType": {
          "type": "string",
          "required": true,
          "description": "The campaign type. Allowed values: \"software\" or \"bootloader\""
        }
      }
    }
  }
}