{
  "file": "softwareUpdate.js",
  "ressourcePath": "softwareUpdate",
  "bma": "softwareUpdate",
  "apis": [
    {
      "path": "/{wyclubToken}/softwareUpdate/{resourceType}/upload",
      "operations": [
        {
          "method": "POST",
          "nickname": "softwareUpdate - upload",
          "summary": "softwareUpdate.upload - Schedule upload of a new binary file to Origin servers. If no date timestamp is given, the upload is on this request.",
          "parameters": [
            {
              "paramType": "path",
              "name": "wyclubToken",
              "description": "-",
              "dataType": "string",
              "required": true
            },
            {
              "paramType": "path",
              "name": "resourceType",
              "description": "The resource type, can be software or bootloader",
              "dataType": "string",
              "required": true
            },
            {
              "paramType": "query",
              "name": "resourceName",
              "description": "The name of the uploaded resource",
              "dataType": "String",
              "required": true
            },
            {
              "paramType": "query",
              "name": "resourceVersion",
              "description": "The version of the uploaded resource",
              "dataType": "String",
              "required": true
            },
            {
              "paramType": "header",
              "name": "content-type",
              "dataType": "String",
              "required": false,
              "defaultValue": "application/octet-stream"
            },
            {
              "paramType": "query",
              "name": "uploadDate",
              "description": "Upload date (UTC timestamp)",
              "dataType": "Number",
              "required": false
            }
          ]
        }
      ]
    }
  ]
}