{"apiVersion":"","swaggerVersion":"1.0","basePath":":3010","info":{"title":"Server","description":"API documentation for the Server"},"apis":[{"path":"/docs/application/application.{format}"},{"path":"/docs/auth/authStb.{format}"},{"path":"/docs/channel/channel.{format}"},{"path":"/docs/commonCertificate/commonCertificate.{format}"},{"path":"/docs/epg/epg.{format}"},{"path":"/docs/iApp/catalog.{format}"},{"path":"/docs/iApp/export.{format}"},{"path":"/docs/iApp/iApp.{format}"},{"path":"/docs/lineup/export.{format}"},{"path":"/docs/lineup/lineup.{format}"},{"path":"/docs/push/push.{format}"},{"path":"/docs/rendezVous/maxValidity.{format}"},{"path":"/docs/rendezVous/rendezVous.{format}"},{"path":"/docs/rendezVous/timeWindow.{format}"},{"path":"/docs/resourceDelivery/resource.{format}"},{"path":"/docs/sessionManager/session.{format}"},{"path":"/docs/softwareUpdate/campaign.{format}"},{"path":"/docs/softwareUpdate/softwareUpdate.{format}"},{"path":"/docs/subscriber/scms.{format}"},{"path":"/docs/subscriber/subscriber.{format}"},{"path":"/docs/tag/tag.{format}"},{"path":"/docs/backboneTools/backboneTools.{format}"},{"path":"/docs/permission/permission.{format}"},{"path":"/docs/scheduler/scheduledTask.{format}"}]}