{
  "file": "permission.js",
  "ressourcePath": "permission",
  "bma": "permission",
  "apis": [
    {
      "path": "/{wyclubToken}/{module}/permission",
      "operations": [
        {
          "method": "GET",
          "nickname": "permission - readAll",
          "summary": "permission.readAll — Read all permissions",
          "parameters": [
            {
              "paramType": "path",
              "name": "wyclubToken",
              "description": "A session ID",
              "dataType": "string",
              "required": true
            },
            {
              "paramType": "path",
              "name": "module",
              "description": "A module name e.g. epg",
              "dataType": "string",
              "required": true
            }
          ]
        }
      ]
    },
    {
      "path": "/{wyclubToken}/{module}/permission",
      "operations": [
        {
          "method": "PATCH",
          "nickname": "permission - update",
          "summary": "permission.update — Update a permission",
          "parameters": [
            {
              "paramType": "path",
              "name": "wyclubToken",
              "description": "A session ID",
              "dataType": "string",
              "required": true
            },
            {
              "paramType": "path",
              "name": "module",
              "description": "A module name e.g epg",
              "dataType": "string",
              "required": true
            },
            {
              "paramType": "path",
              "name": "type",
              "description": "The new type of permission",
              "dataType": "string",
              "required": true
            },
            {
              "paramType": "body",
              "name": "data",
              "description": "JSON data object",
              "dataType": "permission.102"
            }
          ]
        }
      ]
    }
  ],
  "models": {
    "permission.102": {
      "id": "permission.102",
      "properties": {
        "group": {
          "type": "array",
          "required": true,
          "description": "An array of permission group",
          "items": {
            "$ref": "permission.102.group"
          }
        }
      }
    }
  }
}